2026-04-06_18-54-42,---,draft.go:2026-04-06_18-54-42
2026-05-25_20-01-55,0,draft.go:2026-05-25_20-01-55
2026-05-30_17-26-56,0,draft.go:2026-05-30_17-26-56
2026-05-30_17-27-07,0,draft.go:2026-05-30_17-27-07
2026-05-31_13-06-26,0,draft.go:2026-05-31_13-06-26
2026-05-31_13-06-34,0,draft.go:2026-05-31_13-06-26
2026-05-31_13-06-36,---,draft.go:2026-05-31_13-06-26
2026-05-31_13-15-44,16,draft.go:2026-05-31_13-15-44
2026-05-31_13-16-36,---,draft.go:2026-05-31_13-15-44
2026-05-31_13-24-37,100,draft.go:2026-05-31_13-24-37
2026-05-31_13-29-55,0,draft.go:2026-05-31_13-29-55
2026-05-31_13-31-54,100,draft.go:2026-05-31_13-31-54
