2026-07-13_19-56-03,0,main.go:2026-07-13_19-56-03
2026-07-13_20-03-48,0,main.go:2026-07-13_20-03-48
2026-07-13_20-11-37,0,main.go:2026-07-13_20-11-37
2026-07-13_20-12-06,0,main.go:2026-07-13_20-11-37
2026-07-13_20-14-28,25,main.go:2026-07-13_20-14-28
2026-07-13_20-46-33,0,main.go:2026-07-13_20-46-33
2026-07-13_20-54-57,25,main.go:2026-07-13_20-54-57
2026-07-13_20-56-24,25,main.go:2026-07-13_20-56-24
2026-07-13_20-56-49,---,main.go:2026-07-13_20-56-24
2026-07-13_22-50-24,0,main.go:2026-07-13_22-50-24
2026-07-13_22-50-41,25,main.go:2026-07-13_22-50-41
2026-07-13_23-44-44,25,main.go:2026-07-13_23-44-44
2026-07-13_23-45-34,25,main.go:2026-07-13_23-45-34
2026-07-13_23-45-53,50,main.go:2026-07-13_23-45-53
2026-07-15_04-42-17,50,main.go:2026-07-13_23-45-53
2026-07-15_04-51-08,50,main.go:2026-07-15_04-51-08
2026-07-15_04-53-27,50,main.go:2026-07-15_04-53-27
2026-07-15_04-55-03,50,main.go:2026-07-15_04-55-03
2026-07-15_04-55-16,50,main.go:2026-07-15_04-55-16
2026-07-15_05-07-03,50,main.go:2026-07-15_05-07-03
2026-07-15_05-08-20,0,main.go:2026-07-15_05-08-20
2026-07-15_05-08-24,50,main.go:2026-07-15_05-08-24
2026-07-15_05-08-36,50,main.go:2026-07-15_05-08-24
2026-07-15_05-11-41,50,main.go:2026-07-15_05-11-41
2026-07-15_05-25-34,50,main.go:2026-07-15_05-25-34
2026-07-15_05-26-22,50,main.go:2026-07-15_05-26-22
2026-07-15_05-26-58,50,main.go:2026-07-15_05-26-22
2026-07-15_05-27-31,75,main.go:2026-07-15_05-27-31
2026-07-15_05-41-16,50,main.go:2026-07-15_05-41-16
2026-07-15_05-41-35,50,main.go:2026-07-15_05-41-35
2026-07-15_05-43-47,75,main.go:2026-07-15_05-43-47
2026-07-15_05-44-00,50,main.go:2026-07-15_05-44-00
2026-07-15_05-45-22,50,main.go:2026-07-15_05-45-22
2026-07-15_05-46-07,50,main.go:2026-07-15_05-46-07
2026-07-15_05-49-13,50,main.go:2026-07-15_05-49-13
2026-07-15_05-49-16,50,main.go:2026-07-15_05-49-13
2026-07-15_05-49-49,50,main.go:2026-07-15_05-49-49
2026-07-15_05-50-21,50,main.go:2026-07-15_05-50-21
2026-07-15_05-52-46,100,main.go:2026-07-15_05-52-46
