2026-07-07_22-58-03,---,draft.go:2026-07-07_22-58-03
2026-07-08_02-16-47,---,draft.go:2026-07-08_02-16-47
2026-07-08_02-22-04,0,draft.go:2026-07-08_02-22-04
2026-07-08_02-23-06,15,draft.go:2026-07-08_02-23-06
2026-07-08_02-25-08,---,draft.go:2026-07-08_02-25-08
2026-07-08_02-25-57,38,draft.go:2026-07-08_02-25-57
2026-07-08_02-30-52,---,draft.go:2026-07-08_02-30-52
2026-07-08_02-52-05,61,draft.go:2026-07-08_02-52-05
2026-07-08_02-52-45,69,draft.go:2026-07-08_02-52-45
2026-07-08_02-57-05,53,draft.go:2026-07-08_02-57-05
2026-07-08_02-57-59,100,draft.go:2026-07-08_02-57-59
