2026-04-10_16-07-29,---,draft.go:2026-04-10_16-07-29
2026-04-10_16-09-31,75,draft.go:2026-04-10_16-09-31
2026-04-10_16-10-27,50,draft.go:2026-04-10_16-10-27
2026-04-10_16-12-06,75,draft.go:2026-04-10_16-12-06
2026-04-10_16-28-00,---,draft.go:2026-04-10_16-28-00
2026-04-10_16-31-30,---,draft.go:2026-04-10_16-31-30
2026-04-10_16-42-24,---,draft.go:2026-04-10_16-42-24
2026-04-10_16-45-26,100,draft.go:2026-04-10_16-45-26
2026-04-13_19-07-28,100,draft.go:2026-04-10_16-45-26
2026-04-13_19-58-22,---,draft.go:2026-04-10_16-45-26
2026-04-13_20-03-37,100,draft.go:2026-04-13_20-03-37
