2026-07-10_22-52-18,---,main.go:2026-07-10_22-52-18
2026-07-11_11-46-10,---,main.go:2026-07-11_11-46-10
2026-07-11_11-54-56,---,main.go:2026-07-11_11-46-10
2026-07-11_12-15-12,9,main.go:2026-07-11_12-15-12
2026-07-11_12-15-31,9,main.go:2026-07-11_12-15-12
2026-07-11_12-15-44,9,main.go:2026-07-11_12-15-44
2026-07-11_12-16-40,9,main.go:2026-07-11_12-16-40
2026-07-11_12-20-19,0,main.go:2026-07-11_12-20-19
2026-07-11_12-21-46,9,main.go:2026-07-11_12-21-46
2026-07-11_12-24-39,18,main.go:2026-07-11_12-24-39
2026-07-11_12-32-58,18,main.go:2026-07-11_12-32-58
2026-07-11_12-33-35,---,main.go:2026-07-11_12-32-58
2026-07-11_12-34-38,18,main.go:2026-07-11_12-32-58
2026-07-11_12-35-39,---,main.go:2026-07-11_12-32-58
2026-07-11_12-37-51,18,main.go:2026-07-11_12-37-51
2026-07-11_12-37-56,18,main.go:2026-07-11_12-37-51
2026-07-11_12-37-58,18,main.go:2026-07-11_12-37-51
2026-07-11_12-40-42,18,main.go:2026-07-11_12-37-51
2026-07-11_12-49-12,18,main.go:2026-07-11_12-49-12
2026-07-11_12-50-56,27,main.go:2026-07-11_12-50-56
2026-07-11_12-51-37,27,main.go:2026-07-11_12-51-37
2026-07-11_12-51-57,36,main.go:2026-07-11_12-51-57
2026-07-11_12-53-21,45,main.go:2026-07-11_12-53-21
2026-07-11_12-58-54,45,main.go:2026-07-11_12-58-54
2026-07-11_13-05-20,45,main.go:2026-07-11_13-05-20
2026-07-11_13-06-53,45,main.go:2026-07-11_13-06-53
2026-07-11_13-07-12,54,main.go:2026-07-11_13-07-12
2026-07-11_15-05-54,54,main.go:2026-07-11_15-05-54
2026-07-11_15-09-34,72,main.go:2026-07-11_15-09-34
2026-07-11_15-14-40,72,main.go:2026-07-11_15-14-40
2026-07-11_15-17-50,81,main.go:2026-07-11_15-17-50
2026-07-11_15-24-32,81,main.go:2026-07-11_15-24-32
2026-07-11_15-25-14,81,main.go:2026-07-11_15-25-14
2026-07-11_15-26-48,90,main.go:2026-07-11_15-26-48
2026-07-11_15-38-31,90,main.go:2026-07-11_15-38-31
2026-07-11_15-41-29,100,main.go:2026-07-11_15-41-29
